[{"model": "admin.logentry", "pk": 1, "fields": {"action_time": "2024-01-25T21:39:49.347Z", "user": 1, "content_type": 7, "object_id": "12", "object_repr": "1.\tWell, I think it's time we on our way.", "action_flag": 1, "change_message": "[{\"added\": {}}]"}}, {"model": "admin.logentry", "pk": 2, "fields": {"action_time": "2024-01-25T21:39:56.831Z", "user": 1, "content_type": 7, "object_id": "12", "object_repr": "Well, I think it's time we on our way.", "action_flag": 2, "change_message": "[{\"changed\": {\"fields\": [\"Text\"]}}]"}}, {"model": "admin.logentry", "pk": 3, "fields": {"action_time": "2024-01-25T21:40:07.815Z", "user": 1, "content_type": 7, "object_id": "13", "object_repr": "The little man was one metre fifty high.", "action_flag": 1, "change_message": "[{\"added\": {}}]"}}, {"model": "admin.logentry", "pk": 4, "fields": {"action_time": "2024-01-25T21:40:21.685Z", "user": 1, "content_type": 7, "object_id": "14", "object_repr": "During the Period of Enlightenment, most philosophers learning truth by reasoning.", "action_flag": 1, "change_message": "[{\"added\": {}}]"}}, {"model": "admin.logentry", "pk": 5, "fields": {"action_time": "2024-01-25T21:40:35.641Z", "user": 1, "content_type": 7, "object_id": "15", "object_repr": "If I any help, I'll ask you.", "action_flag": 1, "change_message": "[{\"added\": {}}]"}}, {"model": "admin.logentry", "pk": 6, "fields": {"action_time": "2024-01-25T21:40:43.049Z", "user": 1, "content_type": 7, "object_id": "16", "object_repr": "5.\tYou promised her a letter; you ought to days ago.", "action_flag": 1, "change_message": "[{\"added\": {}}]"}}, {"model": "admin.logentry", "pk": 7, "fields": {"action_time": "2024-01-25T21:40:50.855Z", "user": 1, "content_type": 7, "object_id": "16", "object_repr": "You promised her a letter; you ought to days ago.", "action_flag": 2, "change_message": "[{\"changed\": {\"fields\": [\"Text\"]}}]"}}, {"model": "admin.logentry", "pk": 8, "fields": {"action_time": "2024-01-25T21:41:25.535Z", "user": 1, "content_type": 8, "object_id": "34", "object_repr": "will be", "action_flag": 1, "change_message": "[{\"added\": {}}]"}}, {"model": "admin.logentry", "pk": 9, "fields": {"action_time": "2024-01-25T21:41:38.534Z", "user": 1, "content_type": 8, "object_id": "35", "object_repr": "were", "action_flag": 1, "change_message": "[{\"added\": {}}]"}}, {"model": "admin.logentry", "pk": 10, "fields": {"action_time": "2024-01-25T21:41:45.910Z", "user": 1, "content_type": 8, "object_id": "36", "object_repr": "are", "action_flag": 1, "change_message": "[{\"added\": {}}]"}}, {"model": "admin.logentry", "pk": 11, "fields": {"action_time": "2024-01-25T21:41:57.073Z", "user": 1, "content_type": 8, "object_id": "37", "object_repr": "have been", "action_flag": 1, "change_message": "[{\"added\": {}}]"}}, {"model": "admin.logentry", "pk": 12, "fields": {"action_time": "2024-01-25T21:42:17.685Z", "user": 1, "content_type": 8, "object_id": "38", "object_repr": "higher than", "action_flag": 1, "change_message": "[{\"added\": {}}]"}}, {"model": "admin.logentry", "pk": 13, "fields": {"action_time": "2024-01-25T21:42:32.081Z", "user": 1, "content_type": 8, "object_id": "38", "object_repr": "higher than", "action_flag": 2, "change_message": "[{\"changed\": {\"fields\": [\"Question\"]}}]"}}, {"model": "admin.logentry", "pk": 14, "fields": {"action_time": "2024-01-25T21:42:47.618Z", "user": 1, "content_type": 8, "object_id": "39", "object_repr": "almost more than", "action_flag": 1, "change_message": "[{\"added\": {}}]"}}, {"model": "admin.logentry", "pk": 15, "fields": {"action_time": "2024-01-25T21:42:56.081Z", "user": 1, "content_type": 8, "object_id": "40", "object_repr": "nearly more than", "action_flag": 1, "change_message": "[{\"added\": {}}]"}}, {"model": "admin.logentry", "pk": 16, "fields": {"action_time": "2024-01-25T21:43:07.478Z", "user": 1, "content_type": 8, "object_id": "41", "object_repr": "hardly more than", "action_flag": 1, "change_message": "[{\"added\": {}}]"}}, {"model": "admin.logentry", "pk": 17, "fields": {"action_time": "2024-01-25T21:43:19.914Z", "user": 1, "content_type": 8, "object_id": "42", "object_repr": "a)\tstressing", "action_flag": 1, "change_message": "[{\"added\": {}}]"}}, {"model": "admin.logentry", "pk": 18, "fields": {"action_time": "2024-01-25T21:43:25.326Z", "user": 1, "content_type": 8, "object_id": "42", "object_repr": "stressing", "action_flag": 2, "change_message": "[{\"changed\": {\"fields\": [\"Text\"]}}]"}}, {"model": "admin.logentry", "pk": 19, "fields": {"action_time": "2024-01-25T21:43:38.378Z", "user": 1, "content_type": 8, "object_id": "43", "object_repr": "have been stressed", "action_flag": 1, "change_message": "[{\"added\": {}}]"}}, {"model": "admin.logentry", "pk": 20, "fields": {"action_time": "2024-01-25T21:43:48.998Z", "user": 1, "content_type": 8, "object_id": "44", "object_repr": "were stressed", "action_flag": 1, "change_message": "[{\"added\": {}}]"}}, {"model": "admin.logentry", "pk": 21, "fields": {"action_time": "2024-01-25T21:43:58.841Z", "user": 1, "content_type": 8, "object_id": "45", "object_repr": "stressed", "action_flag": 1, "change_message": "[{\"added\": {}}]"}}, {"model": "admin.logentry", "pk": 22, "fields": {"action_time": "2024-01-25T21:44:29.067Z", "user": 1, "content_type": 8, "object_id": "46", "object_repr": "needing", "action_flag": 1, "change_message": "[{\"added\": {}}]"}}, {"model": "admin.logentry", "pk": 23, "fields": {"action_time": "2024-01-25T21:44:36.352Z", "user": 1, "content_type": 8, "object_id": "47", "object_repr": "needed", "action_flag": 1, "change_message": "[{\"added\": {}}]"}}, {"model": "admin.logentry", "pk": 24, "fields": {"action_time": "2024-01-25T21:44:44.335Z", "user": 1, "content_type": 8, "object_id": "48", "object_repr": "will need", "action_flag": 1, "change_message": "[{\"added\": {}}]"}}, {"model": "admin.logentry", "pk": 25, "fields": {"action_time": "2024-01-25T21:44:52.756Z", "user": 1, "content_type": 8, "object_id": "49", "object_repr": "need", "action_flag": 1, "change_message": "[{\"added\": {}}]"}}, {"model": "admin.logentry", "pk": 26, "fields": {"action_time": "2024-01-25T21:45:03.108Z", "user": 1, "content_type": 8, "object_id": "50", "object_repr": "write", "action_flag": 1, "change_message": "[{\"added\": {}}]"}}, {"model": "admin.logentry", "pk": 27, "fields": {"action_time": "2024-01-25T21:45:12.949Z", "user": 1, "content_type": 8, "object_id": "51", "object_repr": "be writing", "action_flag": 1, "change_message": "[{\"added\": {}}]"}}, {"model": "admin.logentry", "pk": 28, "fields": {"action_time": "2024-01-25T21:45:21.981Z", "user": 1, "content_type": 8, "object_id": "52", "object_repr": "be written", "action_flag": 1, "change_message": "[{\"added\": {}}]"}}, {"model": "admin.logentry", "pk": 29, "fields": {"action_time": "2024-01-25T21:45:29.006Z", "user": 1, "content_type": 8, "object_id": "53", "object_repr": "have written", "action_flag": 1, "change_message": "[{\"added\": {}}]"}}, {"model": "admin.logentry", "pk": 30, "fields": {"action_time": "2024-01-25T21:45:51.362Z", "user": 1, "content_type": 9, "object_id": "4", "object_repr": "English", "action_flag": 1, "change_message": "[{\"added\": {}}]"}}, {"model": "admin.logentry", "pk": 31, "fields": {"action_time": "2024-01-25T21:46:58.284Z", "user": 1, "content_type": 9, "object_id": "3", "object_repr": "SQL Mastery", "action_flag": 2, "change_message": "[{\"changed\": {\"fields\": [\"Questions\"]}}]"}}, {"model": "admin.logentry", "pk": 32, "fields": {"action_time": "2024-01-25T21:47:08.421Z", "user": 1, "content_type": 9, "object_id": "2", "object_repr": "Django Fundamentals", "action_flag": 2, "change_message": "[{\"changed\": {\"fields\": [\"Questions\"]}}]"}}, {"model": "admin.logentry", "pk": 33, "fields": {"action_time": "2024-01-25T21:47:20.475Z", "user": 1, "content_type": 9, "object_id": "1", "object_repr": "Python Basics", "action_flag": 2, "change_message": "[{\"changed\": {\"fields\": [\"Questions\"]}}]"}}, {"model": "admin.logentry", "pk": 34, "fields": {"action_time": "2024-01-25T21:47:58.562Z", "user": 1, "content_type": 8, "object_id": "15", "object_repr": "TOP JOIN", "action_flag": 2, "change_message": "[{\"changed\": {\"fields\": [\"Text\"]}}]"}}, {"model": "admin.logentry", "pk": 35, "fields": {"action_time": "2024-01-25T21:48:05.346Z", "user": 1, "content_type": 8, "object_id": "14", "object_repr": "DOWN JOIN", "action_flag": 2, "change_message": "[{\"changed\": {\"fields\": [\"Text\"]}}]"}}, {"model": "admin.logentry", "pk": 36, "fields": {"action_time": "2024-01-25T21:51:23.064Z", "user": 1, "content_type": 10, "object_id": "2", "object_repr": "admin - SQL Mastery - Пройдено", "action_flag": 3, "change_message": ""}}, {"model": "admin.logentry", "pk": 37, "fields": {"action_time": "2024-01-25T21:51:23.067Z", "user": 1, "content_type": 10, "object_id": "1", "object_repr": "admin - English - Пройдено", "action_flag": 3, "change_message": ""}}, {"model": "auth.permission", "pk": 1, "fields": {"name": "Can add log entry", "content_type": 1, "codename": "add_logentry"}}, {"model": "auth.permission", "pk": 2, "fields": {"name": "Can change log entry", "content_type": 1, "codename": "change_logentry"}}, {"model": "auth.permission", "pk": 3, "fields": {"name": "Can delete log entry", "content_type": 1, "codename": "delete_logentry"}}, {"model": "auth.permission", "pk": 4, "fields": {"name": "Can view log entry", "content_type": 1, "codename": "view_logentry"}}, {"model": "auth.permission", "pk": 5, "fields": {"name": "Can add permission", "content_type": 2, "codename": "add_permission"}}, {"model": "auth.permission", "pk": 6, "fields": {"name": "Can change permission", "content_type": 2, "codename": "change_permission"}}, {"model": "auth.permission", "pk": 7, "fields": {"name": "Can delete permission", "content_type": 2, "codename": "delete_permission"}}, {"model": "auth.permission", "pk": 8, "fields": {"name": "Can view permission", "content_type": 2, "codename": "view_permission"}}, {"model": "auth.permission", "pk": 9, "fields": {"name": "Can add group", "content_type": 3, "codename": "add_group"}}, {"model": "auth.permission", "pk": 10, "fields": {"name": "Can change group", "content_type": 3, "codename": "change_group"}}, {"model": "auth.permission", "pk": 11, "fields": {"name": "Can delete group", "content_type": 3, "codename": "delete_group"}}, {"model": "auth.permission", "pk": 12, "fields": {"name": "Can view group", "content_type": 3, "codename": "view_group"}}, {"model": "auth.permission", "pk": 13, "fields": {"name": "Can add user", "content_type": 4, "codename": "add_user"}}, {"model": "auth.permission", "pk": 14, "fields": {"name": "Can change user", "content_type": 4, "codename": "change_user"}}, {"model": "auth.permission", "pk": 15, "fields": {"name": "Can delete user", "content_type": 4, "codename": "delete_user"}}, {"model": "auth.permission", "pk": 16, "fields": {"name": "Can view user", "content_type": 4, "codename": "view_user"}}, {"model": "auth.permission", "pk": 17, "fields": {"name": "Can add content type", "content_type": 5, "codename": "add_contenttype"}}, {"model": "auth.permission", "pk": 18, "fields": {"name": "Can change content type", "content_type": 5, "codename": "change_contenttype"}}, {"model": "auth.permission", "pk": 19, "fields": {"name": "Can delete content type", "content_type": 5, "codename": "delete_contenttype"}}, {"model": "auth.permission", "pk": 20, "fields": {"name": "Can view content type", "content_type": 5, "codename": "view_contenttype"}}, {"model": "auth.permission", "pk": 21, "fields": {"name": "Can add session", "content_type": 6, "codename": "add_session"}}, {"model": "auth.permission", "pk": 22, "fields": {"name": "Can change session", "content_type": 6, "codename": "change_session"}}, {"model": "auth.permission", "pk": 23, "fields": {"name": "Can delete session", "content_type": 6, "codename": "delete_session"}}, {"model": "auth.permission", "pk": 24, "fields": {"name": "Can view session", "content_type": 6, "codename": "view_session"}}, {"model": "auth.permission", "pk": 25, "fields": {"name": "Can add Вопрос", "content_type": 7, "codename": "add_question"}}, {"model": "auth.permission", "pk": 26, "fields": {"name": "Can change Вопрос", "content_type": 7, "codename": "change_question"}}, {"model": "auth.permission", "pk": 27, "fields": {"name": "Can delete Вопрос", "content_type": 7, "codename": "delete_question"}}, {"model": "auth.permission", "pk": 28, "fields": {"name": "Can view Вопрос", "content_type": 7, "codename": "view_question"}}, {"model": "auth.permission", "pk": 29, "fields": {"name": "Can add Ответ", "content_type": 8, "codename": "add_answer"}}, {"model": "auth.permission", "pk": 30, "fields": {"name": "Can change Ответ", "content_type": 8, "codename": "change_answer"}}, {"model": "auth.permission", "pk": 31, "fields": {"name": "Can delete Ответ", "content_type": 8, "codename": "delete_answer"}}, {"model": "auth.permission", "pk": 32, "fields": {"name": "Can view Ответ", "content_type": 8, "codename": "view_answer"}}, {"model": "auth.permission", "pk": 33, "fields": {"name": "Can add Тест", "content_type": 9, "codename": "add_test"}}, {"model": "auth.permission", "pk": 34, "fields": {"name": "Can change Тест", "content_type": 9, "codename": "change_test"}}, {"model": "auth.permission", "pk": 35, "fields": {"name": "Can delete Тест", "content_type": 9, "codename": "delete_test"}}, {"model": "auth.permission", "pk": 36, "fields": {"name": "Can view Тест", "content_type": 9, "codename": "view_test"}}, {"model": "auth.permission", "pk": 37, "fields": {"name": "Can add Результат теста пользователя", "content_type": 10, "codename": "add_usertest"}}, {"model": "auth.permission", "pk": 38, "fields": {"name": "Can change Результат теста пользователя", "content_type": 10, "codename": "change_usertest"}}, {"model": "auth.permission", "pk": 39, "fields": {"name": "Can delete Результат теста пользователя", "content_type": 10, "codename": "delete_usertest"}}, {"model": "auth.permission", "pk": 40, "fields": {"name": "Can view Результат теста пользователя", "content_type": 10, "codename": "view_usertest"}}, {"model": "auth.permission", "pk": 41, "fields": {"name": "Can add Результат по вопросу", "content_type": 11, "codename": "add_usertestresult"}}, {"model": "auth.permission", "pk": 42, "fields": {"name": "Can change Результат по вопросу", "content_type": 11, "codename": "change_usertestresult"}}, {"model": "auth.permission", "pk": 43, "fields": {"name": "Can delete Результат по вопросу", "content_type": 11, "codename": "delete_usertestresult"}}, {"model": "auth.permission", "pk": 44, "fields": {"name": "Can view Результат по вопросу", "content_type": 11, "codename": "view_usertestresult"}}, {"model": "auth.user", "pk": 1, "fields": {"password": "pbkdf2_sha256$720000$9EORS52Amt9P2Qb0Ciht1G$JQyjGCLz33FgykagwiYuAo9rLLJedcoxXUHZfwMak6w=", "last_login": "2024-01-25T21:51:13.581Z", "is_superuser": true, "username": "admin", "first_name": "", "last_name": "", "email": "", "is_staff": true, "is_active": true, "date_joined": "2024-01-25T21:38:20.985Z", "groups": [], "user_permissions": []}}, {"model": "contenttypes.contenttype", "pk": 1, "fields": {"app_label": "admin", "model": "logentry"}}, {"model": "contenttypes.contenttype", "pk": 2, "fields": {"app_label": "auth", "model": "permission"}}, {"model": "contenttypes.contenttype", "pk": 3, "fields": {"app_label": "auth", "model": "group"}}, {"model": "contenttypes.contenttype", "pk": 4, "fields": {"app_label": "auth", "model": "user"}}, {"model": "contenttypes.contenttype", "pk": 5, "fields": {"app_label": "contenttypes", "model": "contenttype"}}, {"model": "contenttypes.contenttype", "pk": 6, "fields": {"app_label": "sessions", "model": "session"}}, {"model": "contenttypes.contenttype", "pk": 7, "fields": {"app_label": "testing", "model": "question"}}, {"model": "contenttypes.contenttype", "pk": 8, "fields": {"app_label": "testing", "model": "answer"}}, {"model": "contenttypes.contenttype", "pk": 9, "fields": {"app_label": "testing", "model": "test"}}, {"model": "contenttypes.contenttype", "pk": 10, "fields": {"app_label": "testing", "model": "usertest"}}, {"model": "contenttypes.contenttype", "pk": 11, "fields": {"app_label": "testing", "model": "usertestresult"}}, {"model": "sessions.session", "pk": "zs0sdawbxp1vd2mco6m3ernbeknlzphw", "fields": {"session_data": ".eJxVjEEOwiAQRe_C2hBgCrYu3XsGMswMUjU0Ke3KeHfbpAvd_vfef6uI61Li2mSOI6uLsur0uyWkp9Qd8APrfdI01WUek94VfdCmbxPL63q4fwcFW9lqTwh9Zpf8ECj0joXFWoOEGVywGZgpkIEEBkAwsJDAxjsbBjl3Xn2-BJg4dw:1rT7cv:cUpFmJqmf4Sv2OxCkIE_T2jqLM9ng4THrngpWBRKgUg", "expire_date": "2024-02-08T21:51:13.584Z"}}, {"model": "testing.question", "pk": 1, "fields": {"text": "Какая языковая конструкция используется для создания цикла в Python?", "difficulty": "Intermediate"}}, {"model": "testing.question", "pk": 2, "fields": {"text": "Что такое Django?", "difficulty": "Intermediate"}}, {"model": "testing.question", "pk": 3, "fields": {"text": "Какое преимущество использования языка SQL?", "difficulty": "Intermediate"}}, {"model": "testing.question", "pk": 4, "fields": {"text": "Как создать таблицу в языке SQL?", "difficulty": "Intermediate"}}, {"model": "testing.question", "pk": 5, "fields": {"text": "Какие виды JOIN поддерживаются в SQL?", "difficulty": "Intermediate"}}, {"model": "testing.question", "pk": 6, "fields": {"text": "Что такое ORM в контексте Django?", "difficulty": "Intermediate"}}, {"model": "testing.question", "pk": 7, "fields": {"text": "Что такое Django View?", "difficulty": "Intermediate"}}, {"model": "testing.question", "pk": 8, "fields": {"text": "Как создать миграции в Django?", "difficulty": "Intermediate"}}, {"model": "testing.question", "pk": 9, "fields": {"text": "Какой тип данных используется для хранения целых чисел в Python?", "difficulty": "Beginner"}}, {"model": "testing.question", "pk": 10, "fields": {"text": "Что такое условие 'if' в Python?", "difficulty": "Beginner"}}, {"model": "testing.question", "pk": 11, "fields": {"text": "Как создать пустой список в Python?", "difficulty": "Beginner"}}, {"model": "testing.question", "pk": 12, "fields": {"text": "Well, I think it's time we on our way.", "difficulty": "Легкий"}}, {"model": "testing.question", "pk": 13, "fields": {"text": "The little man was one metre fifty high.", "difficulty": "Легкий"}}, {"model": "testing.question", "pk": 14, "fields": {"text": "During the Period of Enlightenment, most philosophers learning truth by reasoning.", "difficulty": "Легкий"}}, {"model": "testing.question", "pk": 15, "fields": {"text": "If I any help, I'll ask you.", "difficulty": "Легкий"}}, {"model": "testing.question", "pk": 16, "fields": {"text": "You promised her a letter; you ought to days ago.", "difficulty": "Легкий"}}, {"model": "testing.answer", "pk": 1, "fields": {"question": 1, "text": "for loop", "is_correct": true, "image": ""}}, {"model": "testing.answer", "pk": 2, "fields": {"question": 1, "text": "while loop", "is_correct": false, "image": ""}}, {"model": "testing.answer", "pk": 3, "fields": {"question": 1, "text": "if statement", "is_correct": false, "image": ""}}, {"model": "testing.answer", "pk": 4, "fields": {"question": 2, "text": "Web framework for Python", "is_correct": true, "image": ""}}, {"model": "testing.answer", "pk": 5, "fields": {"question": 2, "text": "Database management system", "is_correct": false, "image": ""}}, {"model": "testing.answer", "pk": 6, "fields": {"question": 2, "text": "Programming language", "is_correct": false, "image": ""}}, {"model": "testing.answer", "pk": 7, "fields": {"question": 3, "text": "Управление данными в реляционных базах данных", "is_correct": true, "image": ""}}, {"model": "testing.answer", "pk": 8, "fields": {"question": 3, "text": "Разработка веб-приложений", "is_correct": false, "image": ""}}, {"model": "testing.answer", "pk": 9, "fields": {"question": 3, "text": "Алгоритмическое программирование", "is_correct": false, "image": ""}}, {"model": "testing.answer", "pk": 10, "fields": {"question": 4, "text": "CREATE TABLE", "is_correct": true, "image": ""}}, {"model": "testing.answer", "pk": 11, "fields": {"question": 4, "text": "INSERT INTO", "is_correct": false, "image": ""}}, {"model": "testing.answer", "pk": 12, "fields": {"question": 4, "text": "UPDATE", "is_correct": false, "image": ""}}, {"model": "testing.answer", "pk": 13, "fields": {"question": 5, "text": "INNER JOIN", "is_correct": true, "image": ""}}, {"model": "testing.answer", "pk": 14, "fields": {"question": 5, "text": "DOWN JOIN", "is_correct": false, "image": ""}}, {"model": "testing.answer", "pk": 15, "fields": {"question": 5, "text": "TOP JOIN", "is_correct": false, "image": ""}}, {"model": "testing.answer", "pk": 16, "fields": {"question": 6, "text": "Object-Relational Mapping", "is_correct": true, "image": ""}}, {"model": "testing.answer", "pk": 17, "fields": {"question": 6, "text": "Object-Responsive Model", "is_correct": false, "image": ""}}, {"model": "testing.answer", "pk": 18, "fields": {"question": 6, "text": "Online-Relational Manager", "is_correct": false, "image": ""}}, {"model": "testing.answer", "pk": 19, "fields": {"question": 7, "text": "Отображение веб-страницы", "is_correct": true, "image": ""}}, {"model": "testing.answer", "pk": 20, "fields": {"question": 7, "text": "Оператор просмотра", "is_correct": false, "image": ""}}, {"model": "testing.answer", "pk": 21, "fields": {"question": 7, "text": "Модель данных", "is_correct": false, "image": ""}}, {"model": "testing.answer", "pk": 22, "fields": {"question": 8, "text": "python manage.py makemigrations", "is_correct": true, "image": ""}}, {"model": "testing.answer", "pk": 23, "fields": {"question": 8, "text": "python manage.py migrate", "is_correct": false, "image": ""}}, {"model": "testing.answer", "pk": 24, "fields": {"question": 8, "text": "python manage.py create_migration", "is_correct": false, "image": ""}}, {"model": "testing.answer", "pk": 25, "fields": {"question": 9, "text": "int", "is_correct": true, "image": ""}}, {"model": "testing.answer", "pk": 26, "fields": {"question": 9, "text": "float", "is_correct": false, "image": ""}}, {"model": "testing.answer", "pk": 27, "fields": {"question": 9, "text": "str", "is_correct": false, "image": ""}}, {"model": "testing.answer", "pk": 28, "fields": {"question": 10, "text": "Оператор ветвления", "is_correct": true, "image": ""}}, {"model": "testing.answer", "pk": 29, "fields": {"question": 10, "text": "Циклический оператор", "is_correct": false, "image": ""}}, {"model": "testing.answer", "pk": 30, "fields": {"question": 10, "text": "Оператор присваивания", "is_correct": false, "image": ""}}, {"model": "testing.answer", "pk": 31, "fields": {"question": 11, "text": "my_list = []", "is_correct": true, "image": ""}}, {"model": "testing.answer", "pk": 32, "fields": {"question": 11, "text": "my_list = [1, 2, 3]", "is_correct": false, "image": ""}}, {"model": "testing.answer", "pk": 33, "fields": {"question": 11, "text": "my_list = {}", "is_correct": false, "image": ""}}, {"model": "testing.answer", "pk": 34, "fields": {"question": 12, "text": "will be", "is_correct": true, "image": ""}}, {"model": "testing.answer", "pk": 35, "fields": {"question": 12, "text": "were", "is_correct": false, "image": ""}}, {"model": "testing.answer", "pk": 36, "fields": {"question": 12, "text": "are", "is_correct": false, "image": ""}}, {"model": "testing.answer", "pk": 37, "fields": {"question": 12, "text": "have been", "is_correct": false, "image": ""}}, {"model": "testing.answer", "pk": 38, "fields": {"question": 13, "text": "higher than", "is_correct": false, "image": ""}}, {"model": "testing.answer", "pk": 39, "fields": {"question": 13, "text": "almost more than", "is_correct": false, "image": ""}}, {"model": "testing.answer", "pk": 40, "fields": {"question": 13, "text": "nearly more than", "is_correct": false, "image": ""}}, {"model": "testing.answer", "pk": 41, "fields": {"question": 13, "text": "hardly more than", "is_correct": true, "image": ""}}, {"model": "testing.answer", "pk": 42, "fields": {"question": 14, "text": "stressing", "is_correct": false, "image": ""}}, {"model": "testing.answer", "pk": 43, "fields": {"question": 14, "text": "have been stressed", "is_correct": false, "image": ""}}, {"model": "testing.answer", "pk": 44, "fields": {"question": 14, "text": "were stressed", "is_correct": true, "image": ""}}, {"model": "testing.answer", "pk": 45, "fields": {"question": 14, "text": "stressed", "is_correct": false, "image": ""}}, {"model": "testing.answer", "pk": 46, "fields": {"question": 15, "text": "needing", "is_correct": false, "image": ""}}, {"model": "testing.answer", "pk": 47, "fields": {"question": 15, "text": "needed", "is_correct": false, "image": ""}}, {"model": "testing.answer", "pk": 48, "fields": {"question": 15, "text": "will need", "is_correct": false, "image": ""}}, {"model": "testing.answer", "pk": 49, "fields": {"question": 15, "text": "need", "is_correct": true, "image": ""}}, {"model": "testing.answer", "pk": 50, "fields": {"question": 16, "text": "write", "is_correct": false, "image": ""}}, {"model": "testing.answer", "pk": 51, "fields": {"question": 16, "text": "be writing", "is_correct": false, "image": ""}}, {"model": "testing.answer", "pk": 52, "fields": {"question": 16, "text": "be written", "is_correct": false, "image": ""}}, {"model": "testing.answer", "pk": 53, "fields": {"question": 16, "text": "have written", "is_correct": true, "image": ""}}, {"model": "testing.test", "pk": 1, "fields": {"title": "Python Basics", "description": "Test your knowledge of Python basics.", "status": "Активен", "duration_minutes": 15, "created_at": "2022-01-01T00:00:00Z", "image": "", "questions": [1, 9, 10, 11]}}, {"model": "testing.test", "pk": 2, "fields": {"title": "Django Fundamentals", "description": "Test your knowledge of Django fundamentals.", "status": "Активен", "duration_minutes": 20, "created_at": "2022-02-01T00:00:00Z", "image": "", "questions": [2, 6, 7, 8]}}, {"model": "testing.test", "pk": 3, "fields": {"title": "SQL Mastery", "description": "Test your SQL skills.", "status": "Активен", "duration_minutes": 25, "created_at": "2022-03-01T00:00:00Z", "image": "", "questions": [3, 4, 5]}}, {"model": "testing.test", "pk": 4, "fields": {"title": "English", "description": "Тест для определения уровня языка", "status": "Активен", "duration_minutes": 30, "created_at": "2024-01-25T21:45:51.360Z", "image": "", "questions": [12, 13, 14, 15, 16]}}]